coor X,coor Y
86.60254,102.0
5.196152,43.0
102.190994,19.0
24.24871,94.0
81.40639,13.0
105.6551,97.0
77.94228,115.0
72.74613,28.0
90.06664,42.0
112.5833,83.0
64.08588,19.0
10.392304,64.0
60.621777,79.0
112.5833,91.0
116.0474,59.0
114.31535,70.0
39.83717,113.0
77.94228,67.0
110.85125,12.0
77.94228,19.0
0.0,92.0
17.320507,48.0
50.229473,15.0
114.31535,22.0
107.387146,54.0
95.262794,55.0
41.569218,62.0
41.569218,26.0
17.320507,106.0
88.33459,27.0
17.320507,52.0
64.08588,15.0
76.210236,94.0
72.74613,96.0
24.24871,88.0
53.693573,115.0
81.40639,69.0
62.35383,106.0
91.79869,79.0
112.5833,87.0
76.210236,56.0
91.79869,101.0
36.373066,111.0
27.712812,24.0
22.51666,69.0
84.87049,17.0
57.157677,51.0
58.889725,58.0
24.24871,86.0
45.03332,94.0
60.621777,115.0
95.262794,31.0
8.660254,19.0
10.392304,90.0
81.40639,33.0
48.49742,42.0
105.6551,37.0
50.229473,25.0
88.33459,93.0
15.588457,65.0
77.94228,21.0
10.392304,34.0
102.190994,31.0
25.980762,67.0
50.229473,31.0
84.87049,113.0
46.76537,99.0
29.444862,113.0
116.0474,23.0
110.85125,52.0
62.35383,24.0
10.392304,92.0
112.5833,11.0
24.24871,30.0
25.980762,39.0
96.99484,14.0
116.0474,43.0
98.72689,113.0
69.28203,96.0
13.856406,70.0
41.569218,70.0
79.67434,92.0
20.784609,64.0
0.0,80.0
107.387146,82.0
62.35383,118.0
93.53074,68.0
27.712812,92.0
91.79869,73.0
25.980762,53.0
41.569218,76.0
34.641014,104.0
13.856406,22.0
116.0474,53.0
39.83717,65.0
93.53074,94.0
86.60254,92.0
81.40639,39.0
83.138435,42.0
1.7320508,41.0
41.569218,40.0
15.588457,83.0
62.35383,74.0
81.40639,113.0
95.262794,61.0
65.81793,44.0
103.92305,92.0
20.784609,92.0
19.052559,27.0
60.621777,93.0
91.79869,41.0
27.712812,66.0
34.641014,66.0
5.196152,89.0
12.124355,49.0
31.176914,18.0
50.229473,27.0
24.24871,20.0
22.51666,25.0
103.92305,54.0
8.660254,27.0
1.7320508,95.0
62.35383,68.0
46.76537,27.0
60.621777,77.0
67.54998,29.0
62.35383,80.0
102.190994,109.0
102.190994,39.0
45.03332,90.0
102.190994,73.0
91.79869,69.0
84.87049,107.0
112.5833,23.0
116.0474,73.0
15.588457,97.0
98.72689,35.0
86.60254,68.0
60.621777,73.0
98.72689,81.0
48.49742,48.0
67.54998,109.0
46.76537,87.0
72.74613,118.0
41.569218,38.0
51.961525,46.0
109.1192,21.0
45.03332,92.0
103.92305,26.0
43.30127,81.0
76.210236,92.0
0.0,40.0
32.908966,47.0
57.157677,31.0
77.94228,101.0
71.014084,25.0
107.387146,48.0
76.210236,104.0
84.87049,27.0
90.06664,80.0
98.72689,85.0
31.176914,104.0
79.67434,34.0
8.660254,61.0
117.77945,70.0
62.35383,30.0
90.06664,38.0
8.660254,71.0
90.06664,122.0
39.83717,19.0
116.0474,37.0
90.06664,46.0
83.138435,86.0
32.908966,111.0
98.72689,57.0
13.856406,42.0
84.87049,109.0
46.76537,101.0
62.35383,22.0
8.660254,23.0
93.53074,98.0
22.51666,47.0
13.856406,26.0
67.54998,79.0
72.74613,114.0
13.856406,60.0
90.06664,16.0
45.03332,110.0
55.425625,92.0
88.33459,15.0
6.928203,94.0
83.138435,30.0
76.210236,78.0
39.83717,47.0
25.980762,21.0
39.83717,93.0
43.30127,101.0
43.30127,59.0
32.908966,97.0
51.961525,16.0
32.908966,35.0
95.262794,27.0
114.31535,32.0
69.28203,50.0
100.45895,66.0
88.33459,63.0
39.83717,91.0
114.31535,58.0
114.31535,76.0
84.87049,63.0
77.94228,83.0
110.85125,102.0
116.0474,9.0
22.51666,91.0
19.052559,67.0
110.85125,16.0
0.0,78.0
109.1192,97.0
86.60254,82.0
76.210236,84.0
12.124355,103.0
55.425625,72.0
38.105118,30.0
51.961525,26.0
84.87049,75.0
50.229473,37.0
105.6551,87.0
76.210236,76.0
72.74613,20.0
62.35383,32.0
98.72689,31.0
88.33459,97.0
48.49742,82.0
74.47818,123.0
41.569218,56.0
76.210236,90.0
24.24871,64.0
103.92305,16.0
53.693573,117.0
41.569218,50.0
32.908966,39.0
112.5833,17.0
43.30127,43.0
71.014084,111.0
53.693573,71.0
12.124355,71.0
46.76537,71.0
100.45895,110.0
29.444862,17.0
90.06664,48.0
102.190994,115.0
90.06664,24.0
12.124355,57.0
17.320507,58.0
102.190994,99.0
17.320507,80.0
91.79869,87.0
88.33459,39.0
79.67434,14.0
36.373066,63.0
95.262794,57.0
72.74613,102.0
72.74613,62.0
71.014084,37.0
77.94228,81.0
15.588457,75.0
6.928203,74.0
69.28203,104.0
13.856406,14.0
88.33459,61.0
5.196152,67.0
34.641014,110.0
112.5833,97.0
91.79869,49.0
29.444862,49.0
96.99484,78.0
12.124355,81.0
51.961525,54.0
71.014084,107.0
83.138435,76.0
6.928203,72.0
15.588457,103.0
83.138435,94.0
65.81793,56.0
72.74613,42.0
51.961525,86.0
43.30127,25.0
64.08588,37.0
103.92305,100.0
105.6551,29.0
98.72689,65.0
65.81793,100.0
72.74613,48.0
100.45895,54.0
96.99484,40.0
83.138435,84.0
36.373066,115.0
22.51666,65.0
10.392304,80.0
15.588457,53.0
105.6551,67.0
48.49742,66.0
103.92305,118.0
93.53074,120.0
62.35383,92.0
88.33459,79.0
76.210236,106.0
79.67434,98.0
102.190994,15.0
6.928203,100.0
105.6551,39.0
8.660254,65.0
86.60254,30.0
55.425625,30.0
71.014084,113.0
95.262794,107.0
58.889725,112.0
112.5833,15.0
79.67434,18.0
55.425625,24.0
110.85125,34.0
13.856406,34.0
15.588457,81.0
86.60254,18.0
98.72689,13.0
48.49742,104.0
38.105118,80.0
43.30127,63.0
62.35383,102.0
64.08588,43.0
17.320507,70.0
109.1192,47.0
43.30127,109.0
96.99484,102.0
57.157677,61.0
29.444862,73.0
5.196152,71.0
74.47818,71.0
84.87049,59.0
71.014084,31.0
58.889725,62.0
48.49742,100.0
5.196152,81.0
25.980762,27.0
105.6551,75.0
31.176914,108.0
98.72689,79.0
90.06664,60.0
91.79869,55.0
84.87049,77.0
8.660254,31.0
105.6551,11.0
81.40639,25.0
17.320507,66.0
57.157677,67.0
71.014084,97.0
29.444862,63.0
3.4641016,78.0
71.014084,69.0
67.54998,39.0
13.856406,54.0
57.157677,113.0
103.92305,44.0
24.24871,68.0
13.856406,98.0
109.1192,17.0
43.30127,41.0
103.92305,56.0
86.60254,104.0
22.51666,105.0
65.81793,108.0
91.79869,113.0
110.85125,22.0
24.24871,74.0
102.190994,41.0
103.92305,86.0
43.30127,69.0
15.588457,43.0
116.0474,17.0
109.1192,29.0
81.40639,17.0
55.425625,104.0
98.72689,69.0
83.138435,70.0
84.87049,23.0
62.35383,78.0
72.74613,78.0
13.856406,84.0
62.35383,70.0
98.72689,93.0
81.40639,83.0
6.928203,80.0
27.712812,70.0
64.08588,119.0
51.961525,78.0
46.76537,39.0
17.320507,36.0
57.157677,55.0
51.961525,64.0
22.51666,31.0
5.196152,59.0
19.052559,95.0
100.45895,78.0
24.24871,32.0
62.35383,90.0
0.0,32.0
65.81793,52.0
79.67434,90.0
88.33459,81.0
105.6551,85.0
46.76537,75.0
72.74613,72.0
6.928203,56.0
50.229473,49.0
90.06664,108.0
55.425625,106.0
48.49742,62.0
105.6551,13.0
96.99484,120.0
91.79869,115.0
76.210236,124.0
46.76537,73.0
65.81793,88.0
90.06664,14.0
72.74613,44.0
110.85125,78.0
83.138435,28.0
20.784609,108.0
55.425625,98.0
29.444862,23.0
12.124355,47.0
38.105118,28.0
84.87049,65.0
45.03332,56.0
88.33459,111.0
71.014084,17.0
84.87049,97.0
91.79869,33.0
103.92305,120.0
1.7320508,79.0
13.856406,102.0
48.49742,46.0
109.1192,45.0
45.03332,88.0
100.45895,34.0
69.28203,18.0
50.229473,19.0
100.45895,112.0
27.712812,64.0
41.569218,28.0
17.320507,16.0
88.33459,101.0
83.138435,106.0
10.392304,98.0
55.425625,44.0
69.28203,38.0
25.980762,35.0
79.67434,82.0
110.85125,72.0
36.373066,97.0
50.229473,75.0
36.373066,55.0
24.24871,98.0
58.889725,106.0
100.45895,24.0
62.35383,54.0
91.79869,13.0
103.92305,72.0
71.014084,93.0
96.99484,20.0
117.77945,26.0
46.76537,65.0
58.889725,20.0
91.79869,81.0
53.693573,35.0
110.85125,68.0
96.99484,58.0
88.33459,95.0
91.79869,19.0
38.105118,52.0
110.85125,58.0
109.1192,89.0
39.83717,81.0
72.74613,26.0
110.85125,26.0
105.6551,49.0
25.980762,65.0
116.0474,29.0
71.014084,121.0
29.444862,103.0
98.72689,117.0
86.60254,22.0
86.60254,14.0
88.33459,37.0
29.444862,59.0
43.30127,55.0
117.77945,22.0
98.72689,55.0
41.569218,92.0
69.28203,122.0
13.856406,96.0
107.387146,62.0
86.60254,12.0
22.51666,37.0
114.31535,66.0
0.0,90.0
13.856406,24.0
5.196152,25.0
10.392304,36.0
77.94228,71.0
3.4641016,92.0
105.6551,33.0
110.85125,86.0
36.373066,99.0
27.712812,74.0
98.72689,109.0
90.06664,86.0
65.81793,76.0
31.176914,88.0
67.54998,107.0
71.014084,45.0
34.641014,84.0
93.53074,28.0
0.0,76.0
71.014084,23.0
105.6551,65.0
74.47818,85.0
27.712812,38.0
74.47818,45.0
31.176914,98.0
90.06664,98.0
91.79869,65.0
79.67434,96.0
83.138435,16.0
1.7320508,39.0
98.72689,115.0
45.03332,86.0
102.190994,49.0
84.87049,99.0
48.49742,38.0
15.588457,15.0
25.980762,55.0
77.94228,25.0
107.387146,88.0
100.45895,122.0
102.190994,17.0
27.712812,112.0
45.03332,30.0
86.60254,42.0
41.569218,18.0
22.51666,89.0
62.35383,110.0
95.262794,53.0
50.229473,113.0
13.856406,74.0
76.210236,20.0
29.444862,45.0
60.621777,65.0
25.980762,113.0
64.08588,97.0
112.5833,33.0
58.889725,92.0
119.511505,45.0
51.961525,88.0
57.157677,63.0
22.51666,41.0
20.784609,76.0
109.1192,35.0
60.621777,31.0
60.621777,109.0
79.67434,20.0
5.196152,27.0
45.03332,104.0
110.85125,56.0
64.08588,17.0
74.47818,115.0
38.105118,74.0
71.014084,67.0
8.660254,91.0
27.712812,60.0
119.511505,9.0
50.229473,109.0
17.320507,108.0
43.30127,79.0
10.392304,88.0
96.99484,88.0
3.4641016,72.0
6.928203,102.0
27.712812,98.0
22.51666,51.0
43.30127,33.0
110.85125,48.0
100.45895,26.0
100.45895,52.0
116.0474,35.0
71.014084,47.0
83.138435,90.0
95.262794,99.0
10.392304,30.0
27.712812,28.0
72.74613,100.0
29.444862,93.0
65.81793,90.0
43.30127,39.0
81.40639,23.0
69.28203,112.0
112.5833,81.0
98.72689,91.0
88.33459,29.0
50.229473,111.0
93.53074,30.0
31.176914,20.0
41.569218,66.0
76.210236,102.0
76.210236,52.0
114.31535,28.0
60.621777,87.0
50.229473,103.0
13.856406,88.0
102.190994,89.0
77.94228,49.0
57.157677,87.0
90.06664,96.0
79.67434,42.0
105.6551,91.0
71.014084,89.0
41.569218,94.0
107.387146,86.0
29.444862,95.0
36.373066,23.0
69.28203,44.0
27.712812,80.0
88.33459,25.0
45.03332,14.0
25.980762,89.0
3.4641016,74.0
51.961525,50.0
74.47818,65.0
22.51666,19.0
112.5833,63.0
27.712812,18.0
20.784609,62.0
100.45895,74.0
83.138435,102.0
81.40639,31.0
5.196152,45.0
81.40639,61.0
98.72689,107.0
58.889725,50.0
8.660254,85.0
65.81793,28.0
60.621777,81.0
43.30127,75.0
86.60254,72.0
46.76537,103.0
62.35383,108.0
79.67434,52.0
81.40639,63.0
31.176914,30.0
105.6551,77.0
110.85125,64.0
96.99484,72.0
60.621777,29.0
6.928203,60.0
15.588457,55.0
100.45895,64.0
1.7320508,31.0
69.28203,78.0
96.99484,22.0
38.105118,82.0
95.262794,77.0
81.40639,93.0
109.1192,63.0
102.190994,105.0
36.373066,61.0
100.45895,84.0
48.49742,92.0
57.157677,45.0
45.03332,48.0
46.76537,93.0
107.387146,98.0
8.660254,103.0
74.47818,33.0
43.30127,97.0
36.373066,71.0
48.49742,64.0
12.124355,67.0
71.014084,57.0
65.81793,102.0
100.45895,68.0
93.53074,74.0
107.387146,108.0
109.1192,11.0
64.08588,105.0
65.81793,110.0
5.196152,79.0
100.45895,92.0
32.908966,87.0
60.621777,61.0
60.621777,97.0
76.210236,40.0
88.33459,77.0
19.052559,59.0
31.176914,32.0
102.190994,121.0
53.693573,55.0
81.40639,107.0
84.87049,33.0
57.157677,65.0
105.6551,19.0
34.641014,82.0
79.67434,36.0
36.373066,67.0
76.210236,42.0
98.72689,87.0
84.87049,15.0
13.856406,94.0
39.83717,87.0
107.387146,106.0
67.54998,59.0
3.4641016,84.0
43.30127,37.0
74.47818,27.0
107.387146,72.0
8.660254,83.0
86.60254,52.0
69.28203,46.0
107.387146,14.0
76.210236,48.0
65.81793,26.0
77.94228,47.0
74.47818,63.0
39.83717,61.0
12.124355,17.0
43.30127,57.0
77.94228,105.0
39.83717,111.0
90.06664,76.0
34.641014,96.0
15.588457,13.0
109.1192,23.0
100.45895,98.0
17.320507,94.0
95.262794,67.0
116.0474,65.0
103.92305,108.0
27.712812,72.0
83.138435,116.0
109.1192,41.0
27.712812,12.0
50.229473,101.0
116.0474,57.0
105.6551,69.0
45.03332,76.0
25.980762,57.0
119.511505,11.0
110.85125,104.0
45.03332,44.0
51.961525,108.0
38.105118,46.0
27.712812,58.0
90.06664,30.0
109.1192,43.0
83.138435,88.0
43.30127,35.0
72.74613,120.0
27.712812,54.0
76.210236,50.0
46.76537,45.0
43.30127,65.0
6.928203,52.0
25.980762,105.0
74.47818,91.0
53.693573,75.0
32.908966,83.0
22.51666,109.0
60.621777,71.0
83.138435,104.0
36.373066,29.0
103.92305,76.0
96.99484,112.0
65.81793,120.0
62.35383,66.0
32.908966,79.0
46.76537,61.0
110.85125,18.0
15.588457,93.0
6.928203,88.0
105.6551,31.0
77.94228,91.0
110.85125,24.0
119.511505,13.0
77.94228,85.0
55.425625,112.0
114.31535,64.0
79.67434,22.0
39.83717,57.0
81.40639,71.0
8.660254,59.0
25.980762,29.0
58.889725,14.0
112.5833,47.0
74.47818,59.0
38.105118,66.0
39.83717,79.0
24.24871,66.0
19.052559,87.0
86.60254,108.0
83.138435,118.0
69.28203,30.0
31.176914,44.0
38.105118,100.0
43.30127,105.0
32.908966,49.0
64.08588,71.0
31.176914,78.0
57.157677,115.0
12.124355,61.0
114.31535,12.0
36.373066,53.0
102.190994,37.0
100.45895,100.0
96.99484,68.0
34.641014,98.0
1.7320508,87.0
46.76537,25.0
79.67434,60.0
105.6551,89.0
45.03332,24.0
25.980762,107.0
39.83717,39.0
62.35383,26.0
72.74613,110.0
19.052559,51.0
10.392304,86.0
15.588457,87.0
53.693573,49.0
34.641014,114.0
13.856406,72.0
20.784609,22.0
57.157677,99.0
116.0474,25.0
110.85125,84.0
88.33459,99.0
60.621777,43.0
93.53074,102.0
20.784609,52.0
60.621777,103.0
25.980762,85.0
19.052559,109.0
91.79869,123.0
24.24871,52.0
51.961525,38.0
53.693573,111.0
24.24871,78.0
95.262794,35.0
91.79869,31.0
69.28203,84.0
32.908966,71.0
81.40639,47.0
51.961525,40.0
6.928203,78.0
20.784609,84.0
19.052559,75.0
77.94228,111.0
96.99484,30.0
79.67434,124.0
76.210236,24.0
77.94228,53.0
38.105118,116.0
22.51666,67.0
1.7320508,93.0
105.6551,115.0
105.6551,103.0
34.641014,50.0
31.176914,38.0
95.262794,113.0
25.980762,79.0
6.928203,86.0
31.176914,46.0
102.190994,55.0
15.588457,41.0
79.67434,74.0
77.94228,89.0
55.425625,38.0
31.176914,66.0
93.53074,72.0
69.28203,68.0
58.889725,110.0
10.392304,54.0
69.28203,94.0
45.03332,74.0
76.210236,120.0
8.660254,105.0
93.53074,40.0
13.856406,18.0
20.784609,88.0
24.24871,24.0
93.53074,82.0
15.588457,91.0
48.49742,86.0
10.392304,56.0
64.08588,115.0
50.229473,65.0
64.08588,63.0
24.24871,112.0
116.0474,15.0
72.74613,50.0
95.262794,103.0
81.40639,115.0
43.30127,27.0
57.157677,89.0
8.660254,89.0
110.85125,20.0
53.693573,59.0
34.641014,60.0
98.72689,97.0
107.387146,60.0
103.92305,112.0
93.53074,114.0
1.7320508,29.0
81.40639,73.0
103.92305,38.0
98.72689,75.0
65.81793,64.0
31.176914,90.0
76.210236,108.0
103.92305,22.0
19.052559,61.0
60.621777,105.0
34.641014,86.0
91.79869,39.0
96.99484,80.0
86.60254,16.0
13.856406,40.0
17.320507,84.0
46.76537,59.0
15.588457,67.0
27.712812,104.0
12.124355,93.0
114.31535,16.0
90.06664,104.0
91.79869,37.0
81.40639,29.0
29.444862,25.0
34.641014,72.0
31.176914,70.0
41.569218,84.0
74.47818,103.0
57.157677,29.0
1.7320508,99.0
0.0,50.0
41.569218,72.0
53.693573,43.0
72.74613,98.0
25.980762,103.0
107.387146,116.0
84.87049,37.0
12.124355,95.0
64.08588,81.0
95.262794,91.0
60.621777,51.0
102.190994,107.0
8.660254,75.0
67.54998,57.0
19.052559,71.0
96.99484,36.0
25.980762,87.0
83.138435,74.0
119.511505,47.0
102.190994,101.0
112.5833,51.0
32.908966,43.0
58.889725,48.0
36.373066,31.0
24.24871,14.0
91.79869,85.0
95.262794,111.0
86.60254,124.0
91.79869,51.0
53.693573,99.0
86.60254,50.0
88.33459,57.0
45.03332,70.0
93.53074,48.0
15.588457,69.0
45.03332,46.0
116.0474,19.0
38.105118,108.0
95.262794,17.0
48.49742,78.0
86.60254,100.0
107.387146,74.0
5.196152,63.0
19.052559,85.0
39.83717,77.0
25.980762,95.0
91.79869,43.0
57.157677,59.0
48.49742,90.0
24.24871,42.0
83.138435,22.0
55.425625,28.0
22.51666,85.0
76.210236,60.0
1.7320508,49.0
112.5833,85.0
67.54998,43.0
96.99484,28.0
84.87049,73.0
32.908966,101.0
36.373066,25.0
34.641014,102.0
83.138435,18.0
43.30127,91.0
6.928203,30.0
43.30127,99.0
10.392304,28.0
72.74613,66.0
43.30127,83.0
27.712812,22.0
25.980762,37.0
90.06664,92.0
50.229473,51.0
45.03332,26.0
119.511505,49.0
62.35383,94.0
100.45895,72.0
72.74613,14.0
10.392304,46.0
22.51666,35.0
105.6551,55.0
64.08588,31.0
112.5833,31.0
67.54998,63.0
62.35383,48.0
64.08588,113.0
117.77945,52.0
45.03332,22.0
93.53074,42.0
25.980762,77.0
32.908966,45.0
77.94228,31.0
31.176914,102.0
74.47818,55.0
83.138435,24.0
15.588457,79.0
19.052559,69.0
90.06664,94.0
114.31535,18.0
25.980762,15.0
93.53074,92.0
24.24871,44.0
72.74613,58.0
77.94228,121.0
31.176914,100.0
64.08588,99.0
19.052559,43.0
8.660254,69.0
69.28203,106.0
102.190994,79.0
36.373066,69.0
77.94228,103.0
5.196152,91.0
10.392304,70.0
74.47818,21.0
45.03332,98.0
25.980762,63.0
20.784609,60.0
10.392304,104.0
95.262794,101.0
29.444862,57.0
96.99484,82.0
36.373066,85.0
77.94228,73.0
45.03332,66.0
93.53074,90.0
25.980762,111.0
84.87049,85.0
46.76537,117.0
32.908966,65.0
116.0474,31.0
45.03332,52.0
8.660254,67.0
8.660254,21.0
55.425625,118.0
1.7320508,83.0
43.30127,115.0
43.30127,85.0
8.660254,77.0
27.712812,26.0
86.60254,48.0
38.105118,48.0
5.196152,37.0
88.33459,113.0
116.0474,41.0
53.693573,37.0
17.320507,100.0
81.40639,123.0
90.06664,52.0
34.641014,62.0
57.157677,71.0
24.24871,48.0
58.889725,42.0
24.24871,84.0
64.08588,49.0
32.908966,93.0
34.641014,46.0
50.229473,85.0
67.54998,49.0
13.856406,28.0
83.138435,92.0
90.06664,118.0
90.06664,40.0
64.08588,75.0
71.014084,109.0
29.444862,75.0
81.40639,27.0
60.621777,107.0
51.961525,116.0
67.54998,21.0
100.45895,106.0
90.06664,36.0
39.83717,21.0
48.49742,84.0
64.08588,65.0
15.588457,35.0
109.1192,65.0
64.08588,21.0
50.229473,17.0
96.99484,122.0
46.76537,53.0
46.76537,91.0
41.569218,86.0
102.190994,59.0
24.24871,76.0
51.961525,102.0
31.176914,62.0
25.980762,17.0
91.79869,103.0
24.24871,38.0
86.60254,62.0
65.81793,98.0
12.124355,41.0
96.99484,98.0
60.621777,53.0
36.373066,43.0
55.425625,22.0
117.77945,28.0
55.425625,42.0
57.157677,39.0
95.262794,71.0
58.889725,88.0
74.47818,35.0
13.856406,66.0
3.4641016,88.0
103.92305,40.0
67.54998,33.0
36.373066,105.0
91.79869,111.0
90.06664,12.0
72.74613,82.0
34.641014,74.0
83.138435,108.0
84.87049,67.0
19.052559,79.0
32.908966,41.0
32.908966,23.0
0.0,82.0
3.4641016,40.0
112.5833,57.0
43.30127,21.0
91.79869,17.0
69.28203,28.0
98.72689,39.0
39.83717,51.0
90.06664,106.0
103.92305,24.0
27.712812,44.0
86.60254,106.0
53.693573,39.0
24.24871,16.0
71.014084,19.0
58.889725,24.0
10.392304,72.0
3.4641016,36.0
109.1192,109.0
86.60254,56.0
29.444862,27.0
76.210236,18.0
84.87049,71.0
38.105118,22.0
57.157677,21.0
98.72689,111.0
93.53074,26.0
22.51666,97.0
6.928203,76.0
79.67434,112.0
31.176914,112.0
10.392304,62.0
64.08588,101.0
65.81793,20.0
3.4641016,98.0
62.35383,76.0
77.94228,123.0
48.49742,26.0
96.99484,66.0
6.928203,66.0
93.53074,12.0
22.51666,55.0
77.94228,119.0
25.980762,97.0
88.33459,45.0
55.425625,26.0
51.961525,22.0
77.94228,63.0
109.1192,99.0
10.392304,74.0
81.40639,35.0
3.4641016,38.0
46.76537,113.0
41.569218,32.0
100.45895,56.0
60.621777,111.0
24.24871,56.0
27.712812,52.0
55.425625,76.0
62.35383,86.0
65.81793,32.0
65.81793,114.0
96.99484,42.0
57.157677,77.0
20.784609,34.0
103.92305,96.0
103.92305,104.0
91.79869,27.0
29.444862,111.0
117.77945,14.0
62.35383,120.0
20.784609,48.0
41.569218,106.0
83.138435,36.0
34.641014,88.0
69.28203,22.0
24.24871,82.0
72.74613,68.0
90.06664,114.0
84.87049,89.0
36.373066,93.0
15.588457,105.0
88.33459,33.0
5.196152,93.0
27.712812,32.0
46.76537,49.0
62.35383,88.0
20.784609,72.0
95.262794,81.0
95.262794,45.0
107.387146,52.0
32.908966,77.0
64.08588,111.0
107.387146,24.0
50.229473,69.0
117.77945,68.0
107.387146,92.0
29.444862,35.0
48.49742,102.0
46.76537,97.0
17.320507,30.0
15.588457,63.0
57.157677,33.0
116.0474,13.0
107.387146,96.0
25.980762,71.0
5.196152,73.0
31.176914,74.0
36.373066,95.0
98.72689,59.0
71.014084,85.0
39.83717,73.0
116.0474,27.0
90.06664,26.0
58.889725,36.0
25.980762,75.0
91.79869,61.0
64.08588,85.0
39.83717,71.0
77.94228,61.0
5.196152,87.0
13.856406,20.0
55.425625,14.0
45.03332,50.0
67.54998,113.0
50.229473,43.0
102.190994,69.0
64.08588,41.0
69.28203,24.0
50.229473,67.0
62.35383,114.0
62.35383,62.0
5.196152,99.0
100.45895,94.0
105.6551,47.0
74.47818,15.0
32.908966,73.0
100.45895,50.0
43.30127,95.0
19.052559,77.0
71.014084,33.0
86.60254,96.0
84.87049,49.0
24.24871,70.0
81.40639,15.0
0.0,48.0
32.908966,105.0
114.31535,14.0
57.157677,35.0
107.387146,22.0
107.387146,20.0
109.1192,57.0
3.4641016,94.0
74.47818,95.0
79.67434,94.0
62.35383,42.0
13.856406,64.0
83.138435,12.0
39.83717,89.0
57.157677,109.0
74.47818,61.0
50.229473,73.0
110.85125,88.0
96.99484,104.0
3.4641016,32.0
72.74613,116.0
39.83717,25.0
20.784609,46.0
29.444862,67.0
24.24871,22.0
50.229473,71.0
65.81793,78.0
110.85125,60.0
77.94228,35.0
95.262794,29.0
17.320507,38.0
46.76537,85.0
64.08588,93.0
74.47818,117.0
69.28203,48.0
114.31535,10.0
12.124355,35.0
65.81793,50.0
114.31535,40.0
79.67434,24.0
38.105118,96.0
100.45895,12.0
96.99484,62.0
98.72689,73.0
46.76537,37.0
39.83717,33.0
48.49742,44.0
45.03332,28.0
67.54998,87.0
67.54998,99.0
13.856406,58.0
43.30127,113.0
90.06664,102.0
15.588457,85.0
48.49742,116.0
69.28203,66.0
46.76537,57.0
67.54998,17.0
10.392304,18.0
41.569218,80.0
102.190994,51.0
112.5833,89.0
31.176914,80.0
116.0474,11.0
0.0,98.0
41.569218,20.0
67.54998,83.0
100.45895,104.0
74.47818,73.0
71.014084,27.0
77.94228,117.0
110.85125,96.0
102.190994,81.0
27.712812,108.0
90.06664,20.0
96.99484,24.0
8.660254,29.0
86.60254,54.0
36.373066,75.0
74.47818,97.0
48.49742,80.0
51.961525,118.0
107.387146,118.0
31.176914,106.0
3.4641016,64.0
1.7320508,27.0
46.76537,51.0
3.4641016,42.0
65.81793,48.0
67.54998,101.0
24.24871,36.0
32.908966,31.0
65.81793,60.0
36.373066,45.0
57.157677,37.0
6.928203,40.0
83.138435,98.0
43.30127,47.0
102.190994,43.0
114.31535,52.0
72.74613,30.0
31.176914,42.0
24.24871,50.0
53.693573,85.0
100.45895,48.0
6.928203,82.0
81.40639,45.0
93.53074,60.0
67.54998,67.0
17.320507,86.0
51.961525,34.0
32.908966,17.0
103.92305,80.0
90.06664,66.0
93.53074,108.0
19.052559,89.0
20.784609,28.0
55.425625,94.0
60.621777,59.0
116.0474,49.0
48.49742,112.0
74.47818,105.0
102.190994,93.0
79.67434,110.0
13.856406,86.0
6.928203,68.0
13.856406,56.0
81.40639,105.0
77.94228,65.0
84.87049,91.0
39.83717,59.0
55.425625,56.0
24.24871,18.0
71.014084,55.0
55.425625,86.0
96.99484,114.0
74.47818,83.0
38.105118,92.0
19.052559,99.0
45.03332,80.0
109.1192,51.0
31.176914,82.0
60.621777,23.0
72.74613,36.0
84.87049,39.0
25.980762,99.0
29.444862,31.0
51.961525,98.0
41.569218,98.0
67.54998,25.0
114.31535,30.0
13.856406,100.0
17.320507,104.0
117.77945,50.0
17.320507,12.0
38.105118,68.0
22.51666,71.0
12.124355,53.0
55.425625,54.0
51.961525,14.0
81.40639,51.0
19.052559,49.0
34.641014,20.0
112.5833,77.0
109.1192,25.0
58.889725,96.0
93.53074,22.0
96.99484,76.0
27.712812,62.0
69.28203,56.0
25.980762,83.0
109.1192,55.0
69.28203,74.0
67.54998,31.0
74.47818,77.0
15.588457,19.0
107.387146,28.0
83.138435,120.0
81.40639,101.0
114.31535,42.0
48.49742,40.0
103.92305,34.0
55.425625,116.0
84.87049,111.0
102.190994,87.0
24.24871,90.0
121.24355,46.0
112.5833,61.0
83.138435,20.0
32.908966,109.0
98.72689,77.0
76.210236,74.0
19.052559,101.0
112.5833,45.0
45.03332,108.0
110.85125,66.0
58.889725,40.0
22.51666,59.0
31.176914,92.0
60.621777,49.0
95.262794,41.0
6.928203,42.0
62.35383,36.0
76.210236,62.0
105.6551,35.0
45.03332,84.0
64.08588,35.0
51.961525,94.0
100.45895,102.0
86.60254,36.0
76.210236,72.0
10.392304,102.0
48.49742,34.0
46.76537,105.0
36.373066,27.0
100.45895,40.0
6.928203,38.0
98.72689,101.0
117.77945,12.0
53.693573,91.0
8.660254,73.0
65.81793,24.0
60.621777,57.0
20.784609,80.0
10.392304,24.0
91.79869,25.0
50.229473,93.0
103.92305,42.0
53.693573,25.0
46.76537,63.0
17.320507,96.0
12.124355,25.0
57.157677,103.0
72.74613,74.0
3.4641016,28.0
58.889725,66.0
102.190994,117.0
39.83717,101.0
88.33459,91.0
6.928203,32.0
62.35383,104.0
100.45895,70.0
109.1192,81.0
24.24871,80.0
64.08588,69.0
58.889725,38.0
91.79869,67.0
45.03332,68.0
45.03332,100.0
107.387146,38.0
91.79869,93.0
100.45895,118.0
60.621777,69.0
109.1192,59.0
93.53074,104.0
51.961525,66.0
19.052559,55.0
77.94228,17.0
90.06664,62.0
22.51666,101.0
62.35383,82.0
110.85125,40.0
109.1192,85.0
24.24871,102.0
107.387146,68.0
109.1192,75.0
69.28203,26.0
27.712812,30.0
41.569218,96.0
22.51666,63.0
86.60254,26.0
103.92305,78.0
38.105118,62.0
88.33459,115.0
88.33459,23.0
74.47818,39.0
32.908966,59.0
25.980762,19.0
20.784609,30.0
107.387146,50.0
95.262794,117.0
39.83717,109.0
10.392304,100.0
19.052559,13.0
50.229473,59.0
39.83717,99.0
41.569218,68.0
103.92305,12.0
103.92305,64.0
105.6551,27.0
71.014084,81.0
31.176914,50.0
96.99484,26.0
103.92305,18.0
38.105118,104.0
41.569218,110.0
74.47818,17.0
114.31535,90.0
83.138435,68.0
55.425625,70.0
6.928203,62.0
98.72689,21.0
20.784609,50.0
55.425625,62.0
24.24871,72.0
79.67434,100.0
107.387146,40.0
93.53074,58.0
32.908966,69.0
81.40639,53.0
38.105118,106.0
88.33459,119.0
53.693573,101.0
84.87049,117.0
25.980762,25.0
55.425625,16.0
105.6551,111.0
86.60254,76.0
50.229473,117.0
25.980762,49.0
93.53074,70.0
105.6551,101.0
36.373066,77.0
69.28203,62.0
13.856406,80.0
110.85125,28.0
109.1192,93.0
53.693573,23.0
17.320507,92.0
27.712812,90.0
84.87049,35.0
84.87049,119.0
91.79869,75.0
34.641014,112.0
50.229473,53.0
86.60254,88.0
88.33459,13.0
84.87049,55.0
83.138435,26.0
29.444862,81.0
64.08588,89.0
34.641014,22.0
12.124355,27.0
76.210236,96.0
8.660254,25.0
93.53074,56.0
65.81793,84.0
64.08588,117.0
1.7320508,97.0
76.210236,30.0
1.7320508,73.0
74.47818,79.0
103.92305,114.0
72.74613,88.0
50.229473,97.0
12.124355,65.0
112.5833,19.0
13.856406,38.0
79.67434,88.0
67.54998,51.0
96.99484,46.0
34.641014,32.0
39.83717,83.0
17.320507,98.0
72.74613,70.0
95.262794,89.0
83.138435,58.0
38.105118,56.0
38.105118,34.0
116.0474,21.0
19.052559,63.0
53.693573,45.0
27.712812,48.0
38.105118,78.0
109.1192,15.0
55.425625,102.0
105.6551,83.0
116.0474,33.0
105.6551,119.0
22.51666,27.0
102.190994,77.0
93.53074,18.0
32.908966,37.0
62.35383,60.0
96.99484,50.0
86.60254,110.0
67.54998,45.0
79.67434,28.0
88.33459,47.0
114.31535,34.0
24.24871,60.0
15.588457,57.0
20.784609,24.0
67.54998,93.0
74.47818,25.0
77.94228,55.0
105.6551,57.0
36.373066,51.0
86.60254,66.0
3.4641016,34.0
17.320507,34.0
38.105118,94.0
65.81793,80.0
31.176914,28.0
39.83717,67.0
88.33459,73.0
86.60254,84.0
71.014084,87.0
76.210236,64.0
93.53074,66.0
0.0,96.0
103.92305,94.0
83.138435,122.0
55.425625,18.0
55.425625,40.0
107.387146,44.0
69.28203,92.0
22.51666,61.0
103.92305,20.0
46.76537,109.0
77.94228,51.0
103.92305,52.0
48.49742,24.0
22.51666,73.0
64.08588,103.0
96.99484,54.0
60.621777,21.0
43.30127,31.0
12.124355,85.0
31.176914,22.0
57.157677,23.0
27.712812,110.0
31.176914,68.0
51.961525,52.0
22.51666,17.0
31.176914,96.0
22.51666,49.0
74.47818,53.0
38.105118,50.0
98.72689,71.0
6.928203,54.0
102.190994,67.0
109.1192,79.0
32.908966,63.0
83.138435,114.0
53.693573,87.0
57.157677,15.0
8.660254,101.0
102.190994,29.0
24.24871,40.0
5.196152,65.0
1.7320508,43.0
112.5833,69.0
105.6551,61.0
58.889725,60.0
95.262794,21.0
50.229473,35.0
114.31535,60.0
90.06664,58.0
64.08588,91.0
67.54998,47.0
25.980762,61.0
62.35383,46.0
72.74613,92.0
79.67434,118.0
31.176914,110.0
103.92305,36.0
22.51666,83.0
45.03332,42.0
19.052559,41.0
3.4641016,76.0
72.74613,64.0
36.373066,17.0
109.1192,69.0
25.980762,91.0
74.47818,81.0
39.83717,69.0
58.889725,68.0
81.40639,55.0
48.49742,30.0
76.210236,100.0
43.30127,77.0
34.641014,54.0
96.99484,116.0
51.961525,72.0
32.908966,25.0
76.210236,46.0
90.06664,110.0
72.74613,86.0
65.81793,22.0
112.5833,71.0
90.06664,50.0
100.45895,108.0
53.693573,47.0
5.196152,69.0
93.53074,20.0
15.588457,59.0
65.81793,112.0
58.889725,22.0
117.77945,16.0
86.60254,112.0
22.51666,81.0
69.28203,52.0
114.31535,74.0
90.06664,70.0
96.99484,100.0
93.53074,54.0
19.052559,31.0
65.81793,36.0
6.928203,58.0
105.6551,51.0
51.961525,100.0
48.49742,32.0
41.569218,116.0
13.856406,90.0
39.83717,53.0
46.76537,43.0
84.87049,21.0
13.856406,82.0
114.31535,78.0
65.81793,106.0
46.76537,111.0
48.49742,96.0
15.588457,107.0
15.588457,101.0
102.190994,75.0
79.67434,80.0
46.76537,15.0
116.0474,39.0
10.392304,94.0
19.052559,111.0
48.49742,56.0
91.79869,57.0
65.81793,40.0
76.210236,28.0
58.889725,44.0
51.961525,74.0
77.94228,77.0
90.06664,72.0
100.45895,80.0
72.74613,122.0
110.85125,30.0
20.784609,40.0
15.588457,47.0
91.79869,89.0
22.51666,107.0
24.24871,58.0
88.33459,107.0
84.87049,93.0
105.6551,23.0
117.77945,48.0
50.229473,83.0
25.980762,33.0
34.641014,108.0
122.97561,45.0
46.76537,31.0
69.28203,114.0
95.262794,23.0
109.1192,107.0
60.621777,27.0
112.5833,41.0
19.052559,33.0
46.76537,89.0
109.1192,31.0
20.784609,68.0
116.0474,67.0
31.176914,26.0
5.196152,95.0
88.33459,117.0
83.138435,14.0
25.980762,43.0
107.387146,64.0
98.72689,121.0
84.87049,43.0
109.1192,71.0
96.99484,48.0
79.67434,58.0
109.1192,83.0
76.210236,88.0
88.33459,19.0
25.980762,41.0
67.54998,89.0
17.320507,28.0
77.94228,45.0
83.138435,60.0
117.77945,44.0
20.784609,58.0
67.54998,81.0
32.908966,91.0
48.49742,18.0
58.889725,100.0
29.444862,89.0
107.387146,36.0
51.961525,56.0
48.49742,60.0
67.54998,73.0
46.76537,95.0
86.60254,32.0
12.124355,83.0
46.76537,47.0
62.35383,52.0
86.60254,98.0
105.6551,25.0
71.014084,13.0
48.49742,68.0
65.81793,72.0
86.60254,118.0
107.387146,56.0
76.210236,70.0
62.35383,38.0
98.72689,33.0
32.908966,113.0
0.0,34.0
0.0,38.0
39.83717,17.0
100.45895,14.0
64.08588,57.0
29.444862,51.0
74.47818,75.0
32.908966,29.0
17.320507,78.0
88.33459,21.0
12.124355,37.0
15.588457,73.0
10.392304,78.0
71.014084,43.0
34.641014,30.0
95.262794,93.0
6.928203,28.0
71.014084,39.0
43.30127,67.0
27.712812,76.0
43.30127,23.0
71.014084,71.0
8.660254,63.0
109.1192,27.0
114.31535,80.0
83.138435,82.0
98.72689,67.0
81.40639,117.0
114.31535,20.0
60.621777,41.0
79.67434,16.0
79.67434,106.0
24.24871,92.0
74.47818,29.0
74.47818,113.0
76.210236,36.0
19.052559,105.0
41.569218,42.0
116.0474,45.0
112.5833,21.0
79.67434,114.0
17.320507,64.0
96.99484,94.0
95.262794,39.0
110.85125,106.0
22.51666,43.0
1.7320508,47.0
114.31535,68.0
15.588457,33.0
86.60254,122.0
67.54998,103.0
88.33459,85.0
64.08588,61.0
65.81793,42.0
60.621777,113.0
12.124355,31.0
22.51666,113.0
91.79869,15.0
60.621777,37.0
31.176914,94.0
102.190994,83.0
96.99484,118.0
65.81793,14.0
64.08588,59.0
27.712812,42.0
84.87049,103.0
51.961525,90.0
48.49742,108.0
48.49742,14.0
71.014084,21.0
57.157677,111.0
45.03332,106.0
43.30127,103.0
77.94228,39.0
102.190994,95.0
95.262794,119.0
36.373066,89.0
15.588457,89.0
38.105118,90.0
91.79869,47.0
55.425625,110.0
95.262794,13.0
20.784609,38.0
64.08588,121.0
38.105118,38.0
0.0,88.0
84.87049,25.0
107.387146,10.0
91.79869,63.0
84.87049,41.0
34.641014,40.0
46.76537,79.0
93.53074,16.0
60.621777,45.0
107.387146,30.0
71.014084,61.0
74.47818,121.0
60.621777,17.0
3.4641016,96.0
62.35383,40.0
71.014084,59.0
3.4641016,30.0
67.54998,115.0
34.641014,42.0
50.229473,91.0
31.176914,114.0
41.569218,30.0
13.856406,50.0
71.014084,95.0
103.92305,98.0
95.262794,75.0
13.856406,106.0
27.712812,50.0
110.85125,10.0
93.53074,100.0
76.210236,82.0
53.693573,61.0
64.08588,107.0
102.190994,33.0
83.138435,54.0
36.373066,113.0
57.157677,107.0
64.08588,109.0
64.08588,47.0
60.621777,63.0
17.320507,74.0
64.08588,77.0
100.45895,28.0
69.28203,100.0
50.229473,95.0
71.014084,65.0
83.138435,110.0
3.4641016,44.0
98.72689,83.0
3.4641016,86.0
58.889725,70.0
74.47818,47.0
29.444862,87.0
48.49742,94.0
98.72689,89.0
88.33459,43.0
95.262794,33.0
79.67434,78.0
102.190994,27.0
65.81793,38.0
31.176914,48.0
95.262794,51.0
12.124355,23.0
22.51666,45.0
34.641014,94.0
81.40639,49.0
58.889725,102.0
5.196152,35.0
110.85125,42.0
29.444862,65.0
93.53074,62.0
67.54998,41.0
60.621777,95.0
5.196152,61.0
53.693573,13.0
32.908966,103.0
39.83717,23.0
100.45895,88.0
58.889725,80.0
36.373066,47.0
107.387146,104.0
69.28203,14.0
74.47818,69.0
86.60254,94.0
72.74613,104.0
96.99484,96.0
67.54998,121.0
25.980762,101.0
114.31535,24.0
90.06664,44.0
93.53074,84.0
67.54998,65.0
29.444862,37.0
90.06664,88.0
93.53074,78.0
34.641014,24.0
91.79869,35.0
107.387146,58.0
22.51666,93.0
98.72689,125.0
74.47818,109.0
72.74613,112.0
5.196152,103.0
96.99484,32.0
71.014084,99.0
38.105118,84.0
41.569218,58.0
45.03332,40.0
45.03332,58.0
110.85125,54.0
69.28203,120.0
102.190994,23.0
69.28203,64.0
71.014084,73.0
96.99484,56.0
88.33459,75.0
53.693573,63.0
24.24871,106.0
53.693573,31.0
93.53074,64.0
103.92305,14.0
79.67434,38.0
1.7320508,91.0
67.54998,95.0
72.74613,84.0
62.35383,112.0
60.621777,89.0
13.856406,16.0
50.229473,77.0
119.511505,15.0
38.105118,36.0
53.693573,97.0
57.157677,95.0
34.641014,106.0
103.92305,102.0
34.641014,90.0
84.87049,47.0
102.190994,21.0
43.30127,15.0
103.92305,110.0
19.052559,83.0
10.392304,60.0
55.425625,82.0
81.40639,111.0
88.33459,67.0
29.444862,109.0
100.45895,30.0
12.124355,101.0
84.87049,121.0
117.77945,46.0
110.85125,38.0
98.72689,123.0
39.83717,41.0
74.47818,67.0
98.72689,103.0
45.03332,82.0
116.0474,69.0
12.124355,73.0
69.28203,116.0
5.196152,101.0
55.425625,78.0
107.387146,114.0
32.908966,53.0
15.588457,45.0
10.392304,52.0
29.444862,101.0
58.889725,82.0
112.5833,35.0
88.33459,17.0
72.74613,94.0
64.08588,45.0
67.54998,19.0
60.621777,91.0
12.124355,87.0
32.908966,33.0
32.908966,81.0
103.92305,84.0
53.693573,83.0
93.53074,34.0
71.014084,53.0
77.94228,69.0
51.961525,70.0
95.262794,123.0
58.889725,46.0
88.33459,103.0
24.24871,100.0
58.889725,32.0
29.444862,83.0
8.660254,51.0
6.928203,44.0
60.621777,119.0
64.08588,23.0
107.387146,32.0
112.5833,79.0
102.190994,45.0
102.190994,113.0
74.47818,87.0
64.08588,27.0
72.74613,54.0
100.45895,86.0
81.40639,59.0
29.444862,19.0
116.0474,71.0
55.425625,46.0
53.693573,69.0
25.980762,11.0
110.85125,82.0
53.693573,33.0
32.908966,99.0
110.85125,44.0
57.157677,41.0
102.190994,35.0
53.693573,93.0
34.641014,38.0
45.03332,72.0
84.87049,79.0
15.588457,99.0
19.052559,29.0
103.92305,62.0
1.7320508,35.0
67.54998,37.0
110.85125,32.0
110.85125,76.0
109.1192,87.0
32.908966,107.0
98.72689,19.0
98.72689,53.0
55.425625,60.0
55.425625,64.0
64.08588,51.0
17.320507,42.0
57.157677,75.0
81.40639,43.0
72.74613,90.0
95.262794,19.0
121.24355,48.0
100.45895,60.0
72.74613,52.0
65.81793,16.0
62.35383,84.0
48.49742,58.0
58.889725,120.0
84.87049,45.0
74.47818,37.0
24.24871,28.0
41.569218,54.0
83.138435,50.0
27.712812,84.0
105.6551,81.0
114.31535,26.0
98.72689,51.0
43.30127,89.0
57.157677,69.0
53.693573,51.0
24.24871,26.0
64.08588,39.0
48.49742,28.0
95.262794,15.0
60.621777,47.0
112.5833,55.0
43.30127,107.0
109.1192,113.0
79.67434,56.0
51.961525,112.0
12.124355,69.0
27.712812,68.0
93.53074,50.0
32.908966,19.0
74.47818,107.0
19.052559,81.0
98.72689,27.0
20.784609,44.0
69.28203,54.0
65.81793,18.0
50.229473,105.0
88.33459,123.0
91.79869,71.0
91.79869,53.0
58.889725,72.0
58.889725,114.0
57.157677,53.0
91.79869,105.0
10.392304,38.0
83.138435,62.0
39.83717,97.0
55.425625,84.0
20.784609,36.0
96.99484,52.0
84.87049,19.0
109.1192,101.0
90.06664,34.0
51.961525,80.0
112.5833,65.0
10.392304,48.0
81.40639,37.0
27.712812,36.0
64.08588,79.0
15.588457,39.0
20.784609,104.0
116.0474,47.0
27.712812,46.0
46.76537,21.0
72.74613,46.0
12.124355,105.0
95.262794,85.0
76.210236,122.0
6.928203,90.0
84.87049,123.0
77.94228,33.0
81.40639,87.0
48.49742,36.0
46.76537,23.0
3.4641016,90.0
67.54998,105.0
1.7320508,51.0
109.1192,39.0
45.03332,116.0
43.30127,73.0
79.67434,102.0
57.157677,91.0
20.784609,112.0
20.784609,42.0
105.6551,105.0
96.99484,110.0
114.31535,46.0
17.320507,40.0
39.83717,63.0
17.320507,68.0
69.28203,82.0
45.03332,36.0
74.47818,119.0
53.693573,103.0
86.60254,44.0
62.35383,64.0
64.08588,83.0
20.784609,26.0
36.373066,57.0
79.67434,72.0
19.052559,107.0
76.210236,68.0
46.76537,55.0
62.35383,28.0
45.03332,102.0
19.052559,47.0
19.052559,39.0
57.157677,81.0
29.444862,33.0
41.569218,16.0
12.124355,55.0
109.1192,67.0
22.51666,39.0
88.33459,31.0
86.60254,70.0
10.392304,50.0
67.54998,69.0
3.4641016,80.0
112.5833,37.0
53.693573,89.0
29.444862,79.0
84.87049,81.0
109.1192,77.0
112.5833,39.0
24.24871,12.0
34.641014,58.0
6.928203,92.0
10.392304,20.0
95.262794,97.0
34.641014,34.0
110.85125,92.0
100.45895,22.0
0.0,54.0
79.67434,66.0
90.06664,22.0
12.124355,29.0
65.81793,92.0
34.641014,26.0
83.138435,38.0
12.124355,21.0
90.06664,120.0
96.99484,18.0
22.51666,29.0
67.54998,77.0
15.588457,61.0
5.196152,97.0
39.83717,31.0
51.961525,32.0
15.588457,71.0
50.229473,13.0
50.229473,61.0
110.85125,98.0
45.03332,62.0
64.08588,67.0
53.693573,17.0
112.5833,53.0
72.74613,106.0
57.157677,73.0
100.45895,82.0
93.53074,88.0
48.49742,52.0
91.79869,91.0
17.320507,82.0
13.856406,104.0
91.79869,121.0
98.72689,43.0
67.54998,75.0
55.425625,36.0
29.444862,77.0
102.190994,65.0
79.67434,62.0
32.908966,95.0
19.052559,45.0
48.49742,110.0
79.67434,76.0
64.08588,13.0
69.28203,42.0
86.60254,90.0
103.92305,66.0
102.190994,13.0
43.30127,111.0
34.641014,80.0
0.0,72.0
79.67434,44.0
20.784609,78.0
65.81793,116.0
76.210236,112.0
41.569218,88.0
19.052559,37.0
51.961525,104.0
36.373066,103.0
36.373066,107.0
110.85125,74.0
67.54998,91.0
55.425625,114.0
112.5833,75.0
79.67434,50.0
57.157677,25.0
71.014084,77.0
22.51666,87.0
90.06664,56.0
112.5833,27.0
81.40639,97.0
77.94228,57.0
107.387146,84.0
20.784609,96.0
83.138435,40.0
24.24871,62.0
114.31535,54.0
29.444862,71.0
90.06664,124.0
72.74613,34.0
67.54998,85.0
76.210236,44.0
19.052559,93.0
77.94228,43.0
62.35383,100.0
8.660254,33.0
0.0,46.0
34.641014,56.0
71.014084,83.0
58.889725,52.0
79.67434,116.0
25.980762,81.0
77.94228,29.0
96.99484,64.0
29.444862,39.0
100.45895,16.0
93.53074,38.0
86.60254,20.0
117.77945,10.0
1.7320508,69.0
69.28203,20.0
122.97561,47.0
77.94228,15.0
50.229473,39.0
98.72689,41.0
13.856406,92.0
77.94228,79.0
53.693573,105.0
72.74613,32.0
45.03332,78.0
100.45895,76.0
8.660254,41.0
117.77945,42.0
6.928203,98.0
93.53074,76.0
57.157677,83.0
1.7320508,33.0
71.014084,75.0
84.87049,83.0
95.262794,73.0
74.47818,111.0
105.6551,71.0
62.35383,116.0
64.08588,33.0
81.40639,67.0
5.196152,33.0
5.196152,39.0
74.47818,51.0
12.124355,75.0
116.0474,75.0
51.961525,110.0
93.53074,14.0
91.79869,107.0
39.83717,115.0
83.138435,56.0
10.392304,58.0
5.196152,85.0
38.105118,18.0
6.928203,84.0
55.425625,34.0
57.157677,105.0
6.928203,26.0
29.444862,53.0
102.190994,119.0
64.08588,53.0
91.79869,109.0
76.210236,110.0
55.425625,108.0
88.33459,89.0
0.0,36.0
25.980762,51.0
72.74613,40.0
90.06664,78.0
41.569218,48.0
71.014084,119.0
91.79869,119.0
27.712812,96.0
55.425625,88.0
62.35383,50.0
95.262794,63.0
25.980762,47.0
83.138435,64.0
105.6551,109.0
67.54998,27.0
43.30127,49.0
69.28203,72.0
51.961525,58.0
0.0,42.0
72.74613,80.0
20.784609,32.0
88.33459,65.0
109.1192,91.0
91.79869,59.0
114.31535,38.0
93.53074,36.0
69.28203,118.0
17.320507,46.0
109.1192,49.0
48.49742,88.0
29.444862,97.0
0.0,74.0
39.83717,29.0
19.052559,103.0
36.373066,35.0
48.49742,16.0
109.1192,37.0
65.81793,70.0
95.262794,25.0
15.588457,49.0
57.157677,101.0
103.92305,106.0
46.76537,29.0
41.569218,34.0
50.229473,107.0
74.47818,49.0
32.908966,27.0
109.1192,19.0
6.928203,36.0
60.621777,19.0
112.5833,25.0
27.712812,40.0
43.30127,71.0
98.72689,49.0
107.387146,70.0
77.94228,97.0
98.72689,95.0
58.889725,18.0
8.660254,97.0
79.67434,40.0
93.53074,32.0
91.79869,95.0
29.444862,91.0
34.641014,64.0
86.60254,38.0
105.6551,21.0
46.76537,83.0
29.444862,47.0
43.30127,93.0
43.30127,17.0
107.387146,102.0
17.320507,32.0
72.74613,108.0
29.444862,105.0
1.7320508,81.0
71.014084,49.0
1.7320508,53.0
53.693573,27.0
1.7320508,45.0
43.30127,117.0
102.190994,85.0
69.28203,60.0
76.210236,14.0
93.53074,122.0
67.54998,55.0
102.190994,61.0
95.262794,83.0
84.87049,51.0
19.052559,65.0
83.138435,124.0
57.157677,97.0
81.40639,65.0
76.210236,34.0
102.190994,57.0
88.33459,69.0
100.45895,62.0
27.712812,56.0
103.92305,50.0
112.5833,29.0
48.49742,22.0
84.87049,29.0
53.693573,53.0
79.67434,54.0
76.210236,66.0
60.621777,39.0
60.621777,35.0
71.014084,51.0
69.28203,58.0
96.99484,34.0
95.262794,59.0
58.889725,104.0
105.6551,113.0
117.77945,24.0
36.373066,83.0
109.1192,103.0
107.387146,42.0
36.373066,33.0
69.28203,32.0
98.72689,47.0
110.85125,36.0
62.35383,16.0
36.373066,81.0
102.190994,111.0
100.45895,46.0
96.99484,44.0
38.105118,102.0
60.621777,25.0
81.40639,119.0
64.08588,87.0
51.961525,96.0
81.40639,19.0
8.660254,79.0
53.693573,81.0
107.387146,100.0
17.320507,76.0
109.1192,73.0
55.425625,90.0
65.81793,104.0
76.210236,26.0
22.51666,53.0
93.53074,96.0
50.229473,55.0
84.87049,53.0
17.320507,72.0
102.190994,97.0
55.425625,20.0
38.105118,26.0
74.47818,89.0
57.157677,85.0
77.94228,109.0
91.79869,77.0
65.81793,68.0
50.229473,57.0
88.33459,51.0
103.92305,48.0
86.60254,58.0
8.660254,87.0
39.83717,85.0
112.5833,13.0
62.35383,96.0
38.105118,54.0
50.229473,23.0
55.425625,100.0
105.6551,79.0
50.229473,33.0
69.28203,86.0
103.92305,60.0
60.621777,67.0
109.1192,13.0
36.373066,21.0
105.6551,43.0
114.31535,48.0
67.54998,53.0
25.980762,13.0
83.138435,96.0
69.28203,34.0
39.83717,103.0
86.60254,116.0
5.196152,41.0
55.425625,52.0
5.196152,83.0
36.373066,19.0
20.784609,82.0
22.51666,57.0
34.641014,44.0
36.373066,39.0
86.60254,60.0
31.176914,36.0
86.60254,120.0
103.92305,68.0
34.641014,18.0
110.85125,46.0
69.28203,102.0
62.35383,20.0
109.1192,33.0
103.92305,28.0
62.35383,98.0
29.444862,107.0
13.856406,62.0
6.928203,64.0
15.588457,95.0
41.569218,100.0
29.444862,99.0
95.262794,79.0
31.176914,52.0
105.6551,17.0
102.190994,53.0
24.24871,54.0
38.105118,88.0
39.83717,49.0
51.961525,24.0
72.74613,60.0
96.99484,16.0
50.229473,21.0
10.392304,82.0
45.03332,112.0
100.45895,90.0
8.660254,35.0
43.30127,61.0
10.392304,32.0
45.03332,54.0
51.961525,30.0
62.35383,56.0
55.425625,58.0
62.35383,58.0
71.014084,105.0
114.31535,44.0
34.641014,92.0
51.961525,82.0
98.72689,45.0
65.81793,96.0
98.72689,17.0
58.889725,74.0
84.87049,57.0
93.53074,86.0
8.660254,57.0
83.138435,32.0
58.889725,64.0
60.621777,117.0
31.176914,58.0
27.712812,78.0
93.53074,118.0
41.569218,46.0
41.569218,60.0
53.693573,65.0
103.92305,70.0
91.79869,29.0
19.052559,35.0
100.45895,44.0
76.210236,16.0
43.30127,51.0
72.74613,56.0
84.87049,31.0
67.54998,23.0
53.693573,19.0
96.99484,108.0
58.889725,108.0
100.45895,114.0
81.40639,103.0
109.1192,61.0
105.6551,95.0
88.33459,49.0
95.262794,49.0
81.40639,79.0
55.425625,48.0
48.49742,20.0
77.94228,59.0
51.961525,92.0
90.06664,28.0
57.157677,49.0
117.77945,18.0
39.83717,45.0
65.81793,62.0
22.51666,95.0
6.928203,34.0
0.0,44.0
25.980762,93.0
51.961525,106.0
83.138435,72.0
53.693573,73.0
105.6551,41.0
109.1192,105.0
12.124355,89.0
48.49742,72.0
51.961525,42.0
45.03332,34.0
79.67434,48.0
100.45895,36.0
5.196152,75.0
38.105118,24.0
110.85125,62.0
29.444862,29.0
20.784609,70.0
98.72689,29.0
31.176914,84.0
60.621777,99.0
93.53074,110.0
69.28203,40.0
109.1192,53.0
51.961525,36.0
105.6551,53.0
53.693573,79.0
69.28203,70.0
41.569218,114.0
90.06664,116.0
53.693573,57.0
105.6551,63.0
110.85125,14.0
10.392304,26.0
13.856406,76.0
38.105118,110.0
45.03332,60.0
67.54998,117.0
1.7320508,75.0
53.693573,107.0
96.99484,124.0
58.889725,56.0
51.961525,48.0
46.76537,69.0
58.889725,34.0
13.856406,36.0
39.83717,75.0
50.229473,115.0
76.210236,80.0
48.49742,114.0
3.4641016,26.0
100.45895,18.0
57.157677,27.0
31.176914,86.0
88.33459,121.0
57.157677,19.0
24.24871,110.0
53.693573,113.0
31.176914,64.0
38.105118,76.0
43.30127,53.0
55.425625,32.0
96.99484,74.0
58.889725,84.0
91.79869,99.0
81.40639,81.0
86.60254,64.0
24.24871,108.0
48.49742,98.0
3.4641016,82.0
88.33459,53.0
90.06664,100.0
50.229473,89.0
96.99484,70.0
107.387146,46.0
79.67434,84.0
71.014084,41.0
79.67434,120.0
81.40639,21.0
69.28203,76.0
45.03332,32.0
51.961525,20.0
17.320507,88.0
20.784609,90.0
65.81793,30.0
20.784609,106.0
84.87049,95.0
25.980762,69.0
119.511505,69.0
96.99484,92.0
51.961525,62.0
50.229473,45.0
77.94228,99.0
100.45895,32.0
98.72689,15.0
64.08588,55.0
98.72689,37.0
98.72689,119.0
13.856406,48.0
81.40639,75.0
86.60254,80.0
109.1192,111.0
25.980762,31.0
15.588457,37.0
15.588457,109.0
77.94228,37.0
32.908966,61.0
98.72689,99.0
53.693573,29.0
32.908966,89.0
112.5833,73.0
50.229473,63.0
41.569218,108.0
48.49742,74.0
29.444862,41.0
43.30127,87.0
10.392304,76.0
51.961525,28.0
57.157677,79.0
77.94228,23.0
55.425625,74.0
84.87049,105.0
84.87049,13.0
5.196152,77.0
100.45895,96.0
53.693573,109.0
102.190994,71.0
67.54998,15.0
3.4641016,46.0
69.28203,88.0
17.320507,56.0
98.72689,23.0
17.320507,90.0
25.980762,109.0
8.660254,95.0
46.76537,77.0
27.712812,106.0
20.784609,56.0
64.08588,25.0
8.660254,81.0
96.99484,38.0
46.76537,19.0
38.105118,40.0
91.79869,83.0
81.40639,77.0
91.79869,117.0
74.47818,23.0
98.72689,105.0
90.06664,54.0
17.320507,62.0
93.53074,46.0
15.588457,31.0
98.72689,25.0
8.660254,93.0
96.99484,106.0
46.76537,67.0
79.67434,30.0
39.83717,43.0
83.138435,66.0
50.229473,99.0
76.210236,98.0
58.889725,54.0
31.176914,40.0
38.105118,64.0
110.85125,94.0
24.24871,34.0
71.014084,15.0
84.87049,87.0
34.641014,78.0
105.6551,93.0
93.53074,80.0
20.784609,94.0
77.94228,113.0
90.06664,112.0
22.51666,23.0
34.641014,52.0
95.262794,115.0
112.5833,43.0
36.373066,37.0
81.40639,95.0
96.99484,84.0
58.889725,94.0
93.53074,112.0
58.889725,118.0
88.33459,83.0
105.6551,99.0
71.014084,79.0
25.980762,23.0
69.28203,98.0
69.28203,36.0
17.320507,44.0
55.425625,80.0
88.33459,35.0
25.980762,45.0
36.373066,91.0
43.30127,29.0
77.94228,93.0
69.28203,108.0
74.47818,99.0
0.0,52.0
55.425625,96.0
67.54998,71.0
55.425625,66.0
103.92305,116.0
77.94228,107.0
55.425625,68.0
112.5833,67.0
36.373066,65.0
58.889725,98.0
86.60254,114.0
58.889725,116.0
100.45895,120.0
12.124355,79.0
19.052559,73.0
60.621777,83.0
114.31535,50.0
81.40639,109.0
27.712812,102.0
60.621777,101.0
114.31535,62.0
12.124355,97.0
0.0,30.0
57.157677,47.0
76.210236,22.0
64.08588,95.0
79.67434,68.0
107.387146,16.0
31.176914,54.0
71.014084,91.0
12.124355,63.0
27.712812,94.0
8.660254,39.0
72.74613,38.0
95.262794,65.0
32.908966,85.0
100.45895,58.0
1.7320508,37.0
81.40639,57.0
77.94228,41.0
51.961525,84.0
83.138435,112.0
95.262794,43.0
72.74613,24.0
46.76537,107.0
48.49742,54.0
27.712812,100.0
48.49742,50.0
51.961525,114.0
102.190994,103.0
22.51666,111.0
110.85125,50.0
53.693573,41.0
83.138435,44.0
65.81793,34.0
27.712812,34.0
103.92305,90.0
51.961525,60.0
107.387146,90.0
24.24871,104.0
20.784609,100.0
10.392304,66.0
29.444862,13.0
72.74613,22.0
65.81793,46.0
72.74613,18.0
72.74613,16.0
41.569218,74.0
117.77945,20.0
69.28203,90.0
60.621777,85.0
32.908966,67.0
50.229473,81.0
74.47818,19.0
93.53074,52.0
34.641014,76.0
88.33459,71.0
6.928203,96.0
36.373066,87.0
77.94228,75.0
57.157677,119.0
107.387146,34.0
98.72689,63.0
95.262794,105.0
27.712812,20.0
34.641014,70.0
90.06664,82.0
77.94228,13.0
79.67434,46.0
103.92305,32.0
86.60254,40.0
20.784609,102.0
53.693573,67.0
46.76537,41.0
38.105118,70.0
20.784609,54.0
1.7320508,71.0
0.0,94.0
20.784609,66.0
74.47818,43.0
91.79869,21.0
72.74613,76.0
90.06664,90.0
8.660254,55.0
77.94228,95.0
98.72689,61.0
114.31535,72.0
110.85125,70.0
36.373066,41.0
65.81793,66.0
107.387146,26.0
107.387146,66.0
15.588457,17.0
41.569218,102.0
67.54998,35.0
24.24871,46.0
34.641014,68.0
39.83717,107.0
45.03332,18.0
107.387146,80.0
12.124355,19.0
100.45895,20.0
64.08588,73.0
10.392304,68.0
50.229473,41.0
17.320507,14.0
86.60254,78.0
38.105118,86.0
114.31535,56.0
93.53074,106.0
8.660254,99.0
76.210236,58.0
67.54998,61.0
96.99484,12.0
48.49742,76.0
45.03332,38.0
95.262794,47.0
88.33459,55.0
12.124355,43.0
110.85125,100.0
103.92305,82.0
32.908966,51.0
39.83717,27.0
20.784609,98.0
79.67434,108.0
13.856406,46.0
25.980762,73.0
93.53074,116.0
31.176914,72.0
81.40639,89.0
22.51666,79.0
83.138435,100.0
13.856406,68.0
12.124355,59.0
90.06664,74.0
64.08588,29.0
45.03332,16.0
45.03332,114.0
86.60254,74.0
39.83717,55.0
19.052559,91.0
41.569218,112.0
5.196152,31.0
62.35383,14.0
102.190994,91.0
65.81793,58.0
0.0,84.0
107.387146,112.0
58.889725,86.0
60.621777,33.0
50.229473,79.0
17.320507,110.0
17.320507,50.0
74.47818,93.0
17.320507,102.0
36.373066,109.0
19.052559,57.0
51.961525,18.0
58.889725,30.0
105.6551,15.0
19.052559,53.0
36.373066,73.0
102.190994,63.0
0.0,86.0
91.79869,97.0
62.35383,18.0
50.229473,87.0
112.5833,59.0
76.210236,118.0
112.5833,49.0
100.45895,116.0
41.569218,36.0
53.693573,21.0
76.210236,86.0
62.35383,44.0
84.87049,61.0
57.157677,43.0
79.67434,122.0
41.569218,82.0
15.588457,77.0
31.176914,56.0
84.87049,115.0
13.856406,52.0
53.693573,95.0
41.569218,22.0
32.908966,55.0
38.105118,114.0
17.320507,54.0
79.67434,26.0
10.392304,96.0
74.47818,101.0
22.51666,77.0
51.961525,44.0
12.124355,39.0
102.190994,25.0
110.85125,90.0
31.176914,76.0
6.928203,70.0
51.961525,68.0
107.387146,76.0
29.444862,69.0
41.569218,52.0
107.387146,110.0
45.03332,96.0
34.641014,36.0
71.014084,103.0
58.889725,28.0
29.444862,85.0
41.569218,24.0
103.92305,58.0
57.157677,93.0
8.660254,37.0
3.4641016,100.0
83.138435,78.0
58.889725,16.0
58.889725,78.0
74.47818,31.0
76.210236,54.0
32.908966,115.0
3.4641016,68.0
90.06664,64.0
105.6551,45.0
27.712812,86.0
83.138435,80.0
79.67434,86.0
22.51666,21.0
34.641014,28.0
38.105118,98.0
53.693573,15.0
65.81793,94.0
100.45895,38.0
107.387146,94.0
58.889725,26.0
81.40639,91.0
38.105118,112.0
8.660254,53.0
105.6551,73.0
65.81793,74.0
45.03332,64.0
3.4641016,24.0
22.51666,33.0
88.33459,87.0
90.06664,18.0
46.76537,17.0
38.105118,60.0
71.014084,63.0
46.76537,35.0
65.81793,82.0
12.124355,45.0
45.03332,20.0
79.67434,70.0
25.980762,59.0
95.262794,121.0
60.621777,75.0
34.641014,48.0
22.51666,75.0
65.81793,86.0
12.124355,77.0
65.81793,54.0
95.262794,69.0
116.0474,51.0
10.392304,22.0
81.40639,85.0
95.262794,95.0
69.28203,16.0
32.908966,75.0
39.83717,95.0
83.138435,46.0
86.60254,46.0
1.7320508,77.0
67.54998,111.0
22.51666,99.0
105.6551,107.0
1.7320508,89.0
36.373066,101.0
79.67434,64.0
93.53074,44.0
20.784609,110.0
71.014084,115.0
77.94228,87.0
36.373066,49.0
86.60254,86.0
60.621777,15.0
19.052559,25.0
90.06664,68.0
41.569218,44.0
43.30127,45.0
105.6551,59.0
102.190994,47.0
71.014084,117.0
34.641014,100.0
12.124355,99.0
27.712812,88.0
31.176914,24.0
62.35383,72.0
95.262794,37.0
105.6551,117.0
116.0474,63.0
81.40639,121.0
20.784609,86.0
50.229473,29.0
39.83717,105.0
58.889725,90.0
10.392304,84.0
38.105118,32.0
103.92305,46.0
38.105118,44.0
116.0474,55.0
90.06664,84.0
84.87049,69.0
57.157677,17.0
69.28203,80.0
48.49742,106.0
31.176914,34.0
29.444862,61.0
84.87049,101.0
3.4641016,70.0
1.7320508,85.0
81.40639,41.0
69.28203,110.0
90.06664,32.0
36.373066,79.0
39.83717,35.0
41.569218,104.0
22.51666,103.0
32.908966,21.0
103.92305,88.0
55.425625,50.0
107.387146,12.0
58.889725,76.0
67.54998,97.0
81.40639,99.0
76.210236,32.0
110.85125,80.0
41.569218,78.0
86.60254,34.0
15.588457,51.0
71.014084,101.0
74.47818,41.0
79.67434,104.0
95.262794,87.0
76.210236,38.0
76.210236,116.0
65.81793,118.0
12.124355,91.0
67.54998,119.0
46.76537,115.0
50.229473,47.0
41.569218,90.0
83.138435,34.0
46.76537,33.0
74.47818,57.0
36.373066,59.0
71.014084,35.0
76.210236,114.0
93.53074,24.0
62.35383,34.0
107.387146,18.0
107.387146,78.0
19.052559,97.0
91.79869,45.0
3.4641016,66.0
43.30127,19.0
88.33459,41.0
24.24871,96.0
5.196152,29.0
38.105118,72.0
32.908966,57.0
57.157677,57.0
38.105118,20.0
13.856406,78.0
86.60254,24.0
71.014084,29.0
88.33459,105.0
96.99484,86.0
13.856406,44.0
83.138435,52.0
17.320507,60.0
29.444862,55.0
29.444862,21.0
27.712812,82.0
39.83717,37.0
48.49742,70.0
88.33459,109.0
51.961525,76.0
57.157677,117.0
83.138435,48.0
91.79869,23.0
79.67434,32.0
46.76537,81.0
60.621777,55.0
20.784609,74.0
38.105118,58.0
96.99484,90.0
74.47818,13.0
103.92305,74.0
31.176914,60.0
86.60254,28.0
109.1192,95.0
96.99484,60.0
88.33459,59.0
38.105118,42.0
41.569218,64.0
53.693573,77.0
100.45895,42.0
103.92305,30.0
77.94228,27.0
12.124355,51.0
